Domain,Status,Attractiveness,Demand,Length,Sectors,Created,Expires,Registrar
one.guitars,available,132,44%,3,"Business,General,Media,Technology",,,
second.guitars,available,120,23%,6,"General,Mathematics",,,
tenth.guitars,available,116,7%,5,Mathematics,,,
zero.guitars,available,112,49%,4,Mathematics,,,
eight.guitars,available,102,23%,5,"General,Mathematics",,,
ninth.guitars,available,100,9%,5,Mathematics,,,
eighth.guitars,available,100,6%,6,Mathematics,,,
third.guitars,available,100,16%,5,Mathematics,,,
sixth.guitars,available,100,8%,5,Mathematics,,,
crack.guitars,available,100,20%,5,Sports,,,
nought.guitars,available,92,4%,6,Mathematics,,,
twentieth.guitars,available,92,3%,9,Mathematics,,,
leash.guitars,available,90,7%,5,"General,Health and Fitness,Retail",,,
sixteen.guitars,available,88,11%,7,Mathematics,,,
eleven.guitars,available,88,33%,6,Mathematics,,,
twelve.guitars,available,88,18%,6,"General,Mathematics",,,
three.guitars,available,88,24%,5,Mathematics,,,
hundred.guitars,available,88,14%,7,Mathematics,,,
ace.guitars,available,88,34%,3,Sports,,,
fifteen.guitars,available,88,13%,7,Mathematics,,,
ten.guitars,available,88,28%,3,"General,Mathematics",,,
xix.guitars,available,86,11%,3,Mathematics,,,
xiv.guitars,available,86,12%,3,Mathematics,,,
cipher.guitars,available,86,29%,6,Mathematics,,,
twentyone.guitars,available,84,13%,10,Mathematics,,,
nineteen.guitars,available,84,8%,8,Mathematics,,,
twentytwo.guitars,available,84,11%,10,Mathematics,,,
seventeen.guitars,available,84,7%,9,Mathematics,,,
grand.guitars,available,84,25%,5,"Finance,General",,,
fourteen.guitars,available,84,8%,8,Mathematics,,,
thousand.guitars,available,84,8%,8,Mathematics,,,
thirteen.guitars,available,84,10%,8,Mathematics,,,
fivesome.guitars,available,82,1%,8,Sports,,,
dozen.guitars,available,82,10%,5,Mathematics,,,
decade.guitars,available,82,10%,6,Mathematics,,,
seventh.guitars,available,80,10%,7,Mathematics,,,
twenty.guitars,available,80,12%,6,Mathematics,,,
yard.guitars,available,80,26%,4,"Construction,General",,,
trio.guitars,available,80,21%,4,Entertainment,,,
nine.guitars,available,80,24%,4,"General,Mathematics",,,
forty.guitars,available,80,9%,5,Mathematics,,,
first.guitars,available,80,36%,5,"General,Mathematics",,,
sixtynine.guitars,available,78,8%,10,Mathematics,,,
twentysix.guitars,available,78,8%,10,Mathematics,,,
nineteenth.guitars,available,76,3%,10,Mathematics,,,
fourteenth.guitars,available,76,1%,10,Mathematics,,,
threed.guitars,available,76,7%,7,Technology,,,
eighteen.guitars,available,76,7%,8,Mathematics,,,
thirteenth.guitars,available,76,4%,10,Mathematics,,,
hundredth.guitars,available,76,1%,9,Mathematics,,,
firstrate.guitars,available,76,6%,10,Business,,,
fifteenth.guitars,available,76,2%,9,Mathematics,,,
thousandth.guitars,available,76,1%,10,Mathematics,,,
single.guitars,available,74,19%,6,Sports,,,
ternary.guitars,available,72,7%,7,Mathematics,,,
sixtieth.guitars,available,72,1%,8,Mathematics,,,
eightieth.guitars,available,72,1%,9,Mathematics,,,
seventieth.guitars,available,72,1%,10,Mathematics,,,
liv.guitars,available,72,27%,3,Mathematics,,,
ninetieth.guitars,available,72,1%,9,Mathematics,,,
trey.guitars,available,72,14%,4,Sports,,,
trinity.guitars,available,72,18%,7,Religion,,,
tiptop.guitars,available,70,24%,6,Fashion,,,
unity.guitars,available,70,40%,5,Mathematics,,,
sevener.guitars,available,68,1%,7,Mathematics,,,
ennead.guitars,available,68,5%,6,Mathematics,,,
fiftieth.guitars,available,68,0%,8,Mathematics,,,
fortieth.guitars,available,68,0%,8,Mathematics,,,
threesome.guitars,available,68,5%,9,Entertainment,,,
septenary.guitars,available,68,1%,9,Mathematics,,,
foursome.guitars,available,68,4%,8,Sports,,,
octonary.guitars,available,68,1%,8,Mathematics,,,
thirtieth.guitars,available,68,1%,9,Mathematics,,,
ane.guitars,available,68,12%,3,Mathematics,,,
fifty.guitars,available,66,12%,5,Mathematics,,,
thirty.guitars,available,66,8%,6,Mathematics,,,
xiii.guitars,available,66,9%,4,Mathematics,,,
xii.guitars,available,66,10%,3,Mathematics,,,
ninety.guitars,available,66,11%,6,Mathematics,,,
deuce.guitars,available,66,9%,5,Sports,,,
xvii.guitars,available,66,5%,4,Mathematics,,,
latest.guitars,available,66,18%,6,Technology,,,
five.guitars,available,66,26%,4,Mathematics,,,
century.guitars,available,66,17%,7,Education,,,
xxvi.guitars,available,66,3%,4,Mathematics,,,
clv.guitars,available,66,10%,3,Mathematics,,,
four.guitars,available,66,27%,4,Mathematics,,,
sextet.guitars,available,66,1%,6,Entertainment,,,
xvi.guitars,available,66,5%,3,Mathematics,,,
acappella.guitars,available,66,6%,10,Entertainment,,,
xxv.guitars,available,66,6%,3,Mathematics,,,
onec.guitars,available,66,6%,5,Mathematics,,,
xviii.guitars,available,66,5%,5,Mathematics,,,
xxii.guitars,available,66,6%,4,Mathematics,,,
tenner.guitars,available,66,5%,6,Finance,,,
six.guitars,available,66,26%,3,Mathematics,,,
eighty.guitars,available,66,6%,6,Mathematics,,,
xxi.guitars,available,66,10%,3,Mathematics,,,
eighteenth.guitars,available,62,1%,10,Mathematics,,,
longdozen.guitars,available,62,2%,10,Mathematics,,,
sixteenth.guitars,available,62,1%,9,Mathematics,,,
quartet.guitars,available,62,7%,7,"Arts,Entertainment",,,
eleventh.guitars,available,62,5%,8,Mathematics,,,
chiliad.guitars,available,62,2%,7,Mathematics,,,
troika.guitars,available,62,8%,6,Politics,,,
fortyfour.guitars,available,62,6%,10,Mathematics,,,
twodozen.guitars,available,62,1%,9,Mathematics,,,
cxlv.guitars,available,60,2%,4,Mathematics,,,
clxx.guitars,available,60,3%,4,Mathematics,,,
cxxv.guitars,available,60,1%,4,Mathematics,,,
xcl.guitars,available,60,5%,3,Mathematics,,,
cxx.guitars,available,60,10%,3,Mathematics,,,
clxxv.guitars,available,60,1%,5,Mathematics,,,
sixty.guitars,available,60,13%,5,Mathematics,,,
cxxxv.guitars,available,60,2%,5,Mathematics,,,
thou.guitars,available,60,7%,4,Mathematics,,,
cxv.guitars,available,60,4%,3,Mathematics,,,
clxxx.guitars,available,60,1%,5,Mathematics,,,
tertiary.guitars,available,60,4%,8,Education,,,
clx.guitars,available,60,10%,3,Mathematics,,,
cxxx.guitars,available,60,4%,4,Mathematics,,,
cxl.guitars,available,60,7%,3,Mathematics,,,
clxv.guitars,available,60,1%,4,Mathematics,,,
eightysix.guitars,available,60,7%,10,Mathematics,,,
heptad.guitars,available,58,1%,6,Mathematics,,,
fifth.guitars,available,58,12%,5,Mathematics,,,
sixer.guitars,available,58,5%,5,Sports,,,
hexad.guitars,available,58,4%,5,Mathematics,,,
seven.guitars,available,58,36%,5,Mathematics,,,
octad.guitars,available,58,5%,5,Mathematics,,,
lxxx.guitars,available,58,2%,4,Mathematics,,,
eighter.guitars,available,58,2%,7,Mathematics,,,
sextuplet.guitars,available,58,1%,9,Healthcare,,,
cypher.guitars,available,58,29%,6,Mathematics,,,
pentad.guitars,available,58,2%,6,Mathematics,,,
fourscore.guitars,available,58,4%,9,Mathematics,,,
super.guitars,available,58,47%,5,Business,,,
sixtyone.guitars,available,58,3%,9,Mathematics,,,
seventy.guitars,available,58,7%,7,Mathematics,,,
alacarte.guitars,available,58,11%,10,Food and Beverage,,,
fourth.guitars,available,58,13%,6,Mathematics,,,
centesimal.guitars,available,58,1%,10,Mathematics,,,
twelfth.guitars,available,58,2%,7,Mathematics,,,
niner.guitars,available,58,5%,5,Mathematics,,,
tetrad.guitars,available,58,5%,6,Mathematics,,,
fiftyfive.guitars,available,56,7%,10,Mathematics,,,
xxxviii.guitars,available,56,1%,7,Mathematics,,,
xxix.guitars,available,56,4%,4,Mathematics,,,
xli.guitars,available,56,5%,3,Mathematics,,,
thirtysix.guitars,available,56,5%,10,Mathematics,,,
xlvi.guitars,available,56,3%,4,Mathematics,,,
xlviii.guitars,available,56,1%,6,Mathematics,,,
thirtyone.guitars,available,56,5%,10,Mathematics,,,
xlvii.guitars,available,56,2%,5,Mathematics,,,
fiftytwo.guitars,available,56,6%,9,Mathematics,,,
lvii.guitars,available,56,1%,4,Mathematics,,,
lii.guitars,available,56,7%,3,Mathematics,,,
fiftynine.guitars,available,56,4%,10,Mathematics,,,
xxxii.guitars,available,56,1%,5,Mathematics,,,
xliv.guitars,available,56,2%,4,Mathematics,,,
xxxv.guitars,available,56,4%,4,Mathematics,,,
xxxvi.guitars,available,56,1%,5,Mathematics,,,
xlv.guitars,available,56,6%,3,Mathematics,,,
lvi.guitars,available,56,8%,3,Mathematics,,,
fortyone.guitars,available,56,4%,9,Mathematics,,,
xliii.guitars,available,56,1%,5,Mathematics,,,
ilx.guitars,available,56,5%,3,Mathematics,,,
fiftysix.guitars,available,56,4%,9,Mathematics,,,
fortynine.guitars,available,56,3%,10,Mathematics,,,
xxiii.guitars,available,56,5%,5,Mathematics,,,
fiftyone.guitars,available,56,7%,9,Mathematics,,,
fortytwo.guitars,available,56,17%,9,Mathematics,,,
xxxiii.guitars,available,56,2%,6,Mathematics,,,
fiftyfour.guitars,available,56,3%,10,Mathematics,,,
aone.guitars,available,56,15%,5,Food and Beverage,,,
xxxi.guitars,available,56,9%,4,Mathematics,,,
xxviii.guitars,available,56,1%,6,Mathematics,,,
xxiv.guitars,available,56,5%,4,Mathematics,,,
halfdozen.guitars,available,56,1%,10,Mathematics,,,
xlii.guitars,available,56,5%,4,Mathematics,,,
xxxvii.guitars,available,56,2%,6,Mathematics,,,
xxxiv.guitars,available,56,1%,5,Mathematics,,,
xxvii.guitars,available,56,3%,5,Mathematics,,,
thirtytwo.guitars,available,56,5%,10,Mathematics,,,
liii.guitars,available,56,4%,4,Mathematics,,,
lviii.guitars,available,56,1%,5,Mathematics,,,
fortysix.guitars,available,56,3%,9,Mathematics,,,
topnotch.guitars,available,54,18%,8,Business,,,
vii.guitars,available,54,13%,3,Mathematics,,,
threescore.guitars,available,54,1%,10,Mathematics,,,
viii.guitars,available,54,6%,4,Mathematics,,,
quatern.guitars,available,54,2%,7,Mathematics,,,
quaternity.guitars,available,54,4%,10,Mathematics,,,
twoscore.guitars,available,54,2%,8,Mathematics,,,
quaternion.guitars,available,54,6%,10,Mathematics,,,
fortyfive.guitars,available,54,4%,10,Mathematics,,,
deuceace.guitars,available,54,2%,9,Sports,,,
lxxiii.guitars,available,52,1%,6,Mathematics,,,
ninetysix.guitars,available,52,4%,10,Mathematics,,,
xciii.guitars,available,52,1%,5,Mathematics,,,
lxxvi.guitars,available,52,1%,5,Mathematics,,,
sixtysix.guitars,available,52,4%,9,Mathematics,,,
xcii.guitars,available,52,2%,4,Mathematics,,,
lxi.guitars,available,52,5%,3,Mathematics,,,
sixtyfive.guitars,available,52,3%,10,Mathematics,,,
lxxxvi.guitars,available,52,1%,6,Mathematics,,,
lxxxv.guitars,available,52,1%,5,Mathematics,,,
lxxxiv.guitars,available,52,1%,6,Mathematics,,,
eightytwo.guitars,available,52,4%,10,Mathematics,,,
ixl.guitars,available,52,9%,3,Mathematics,,,
ninetyone.guitars,available,52,5%,10,Mathematics,,,
xcv.guitars,available,52,7%,3,Mathematics,,,
lxv.guitars,available,52,5%,3,Mathematics,,,
lxxiv.guitars,available,52,1%,5,Mathematics,,,
ixc.guitars,available,52,5%,3,Mathematics,,,
lxxxii.guitars,available,52,1%,6,Mathematics,,,
lxxxi.guitars,available,52,1%,5,Mathematics,,,
lxxi.guitars,available,52,1%,4,Mathematics,,,
lxxv.guitars,available,52,1%,4,Mathematics,,,
sixtyfour.guitars,available,52,3%,10,Mathematics,,,
lxii.guitars,available,52,1%,4,Mathematics,,,
xci.guitars,available,52,4%,3,Mathematics,,,
lxiii.guitars,available,52,2%,5,Mathematics,,,
lxxvii.guitars,available,52,2%,6,Mathematics,,,
xcvi.guitars,available,52,2%,4,Mathematics,,,
xcvii.guitars,available,52,1%,5,Mathematics,,,
lxvi.guitars,available,52,3%,4,Mathematics,,,
lxviii.guitars,available,52,1%,6,Mathematics,,,
ninetytwo.guitars,available,52,4%,10,Mathematics,,,
lxxxvii.guitars,available,52,1%,7,Mathematics,,,
lxiv.guitars,available,52,3%,4,Mathematics,,,
sixtytwo.guitars,available,52,3%,9,Mathematics,,,
lxxii.guitars,available,52,1%,5,Mathematics,,,
xciv.guitars,available,52,2%,4,Mathematics,,,
lxxxiii.guitars,available,52,1%,7,Mathematics,,,
eightyone.guitars,available,52,3%,10,Mathematics,,,
lxvii.guitars,available,52,1%,5,Mathematics,,,
xcviii.guitars,available,52,1%,6,Mathematics,,,
ogdoad.guitars,available,50,1%,6,Mathematics,,,
lxx.guitars,available,50,5%,3,Mathematics,,,
triplet.guitars,available,50,8%,7,Science,,,
cinque.guitars,available,50,7%,6,Mathematics,,,
lxxxviii.guitars,available,48,1%,8,Mathematics,,,
quaternary.guitars,available,46,3%,10,Mathematics,,,